"Actual","Predicted","nPredictions"
"beaufort","beaufort","22"
"beaufort","brie de me","0"
"beaufort","bûchette d","0"
"beaufort","cabecou","0"
"beaufort","camembert","0"
"beaufort","chabichou","0"
"beaufort","cheddar","0"
"beaufort","chèvre","0"
"beaufort","comté","1"
"beaufort","emmental","0"
"beaufort","epoisses","0"
"beaufort","feta","0"
"beaufort","fourme d’a","1"
"beaufort","fromage fr","0"
"beaufort","gruyère","0"
"beaufort","maroilles","0"
"beaufort","mimolette","0"
"beaufort","mont d’or","1"
"beaufort","morbier","0"
"beaufort","mothais","0"
"beaufort","mozzarella","0"
"beaufort","munster","0"
"beaufort","neufchatel","0"
"beaufort","ossau- ira","0"
"beaufort","parmesan","0"
"beaufort","pecorino","0"
"beaufort","pouligny s","0"
"beaufort","raclette","0"
"beaufort","reblochon","0"
"beaufort","roquefort","0"
"beaufort","saint- fél","0"
"beaufort","saint-nect","0"
"beaufort","scarmoza","0"
"beaufort","stilton","0"
"beaufort","tomme de v","0"
"beaufort","tête de mo","0"
"beaufort","vacherin","0"
"brie de me","beaufort","0"
"brie de me","brie de me","19"
"brie de me","bûchette d","0"
"brie de me","cabecou","2"
"brie de me","camembert","2"
"brie de me","chabichou","0"
"brie de me","cheddar","0"
"brie de me","chèvre","0"
"brie de me","comté","0"
"brie de me","emmental","0"
"brie de me","epoisses","0"
"brie de me","feta","0"
"brie de me","fourme d’a","0"
"brie de me","fromage fr","0"
"brie de me","gruyère","0"
"brie de me","maroilles","0"
"brie de me","mimolette","0"
"brie de me","mont d’or","1"
"brie de me","morbier","0"
"brie de me","mothais","0"
"brie de me","mozzarella","0"
"brie de me","munster","0"
"brie de me","neufchatel","1"
"brie de me","ossau- ira","0"
"brie de me","parmesan","0"
"brie de me","pecorino","0"
"brie de me","pouligny s","0"
"brie de me","raclette","0"
"brie de me","reblochon","0"
"brie de me","roquefort","0"
"brie de me","saint- fél","0"
"brie de me","saint-nect","0"
"brie de me","scarmoza","0"
"brie de me","stilton","0"
"brie de me","tomme de v","0"
"brie de me","tête de mo","0"
"brie de me","vacherin","0"
"bûchette d","beaufort","0"
"bûchette d","brie de me","0"
"bûchette d","bûchette d","19"
"bûchette d","cabecou","1"
"bûchette d","camembert","0"
"bûchette d","chabichou","0"
"bûchette d","cheddar","0"
"bûchette d","chèvre","1"
"bûchette d","comté","0"
"bûchette d","emmental","0"
"bûchette d","epoisses","0"
"bûchette d","feta","0"
"bûchette d","fourme d’a","0"
"bûchette d","fromage fr","3"
"bûchette d","gruyère","0"
"bûchette d","maroilles","0"
"bûchette d","mimolette","0"
"bûchette d","mont d’or","0"
"bûchette d","morbier","0"
"bûchette d","mothais","0"
"bûchette d","mozzarella","0"
"bûchette d","munster","0"
"bûchette d","neufchatel","0"
"bûchette d","ossau- ira","1"
"bûchette d","parmesan","0"
"bûchette d","pecorino","0"
"bûchette d","pouligny s","0"
"bûchette d","raclette","0"
"bûchette d","reblochon","0"
"bûchette d","roquefort","0"
"bûchette d","saint- fél","0"
"bûchette d","saint-nect","0"
"bûchette d","scarmoza","0"
"bûchette d","stilton","0"
"bûchette d","tomme de v","0"
"bûchette d","tête de mo","0"
"bûchette d","vacherin","0"
"cabecou","beaufort","0"
"cabecou","brie de me","0"
"cabecou","bûchette d","1"
"cabecou","cabecou","21"
"cabecou","camembert","0"
"cabecou","chabichou","0"
"cabecou","cheddar","0"
"cabecou","chèvre","0"
"cabecou","comté","0"
"cabecou","emmental","0"
"cabecou","epoisses","0"
"cabecou","feta","0"
"cabecou","fourme d’a","0"
"cabecou","fromage fr","3"
"cabecou","gruyère","0"
"cabecou","maroilles","0"
"cabecou","mimolette","0"
"cabecou","mont d’or","0"
"cabecou","morbier","0"
"cabecou","mothais","0"
"cabecou","mozzarella","0"
"cabecou","munster","0"
"cabecou","neufchatel","0"
"cabecou","ossau- ira","0"
"cabecou","parmesan","0"
"cabecou","pecorino","0"
"cabecou","pouligny s","0"
"cabecou","raclette","0"
"cabecou","reblochon","0"
"cabecou","roquefort","0"
"cabecou","saint- fél","0"
"cabecou","saint-nect","0"
"cabecou","scarmoza","0"
"cabecou","stilton","0"
"cabecou","tomme de v","0"
"cabecou","tête de mo","0"
"cabecou","vacherin","0"
"camembert","beaufort","0"
"camembert","brie de me","0"
"camembert","bûchette d","0"
"camembert","cabecou","0"
"camembert","camembert","14"
"camembert","chabichou","0"
"camembert","cheddar","0"
"camembert","chèvre","1"
"camembert","comté","0"
"camembert","emmental","0"
"camembert","epoisses","1"
"camembert","feta","0"
"camembert","fourme d’a","0"
"camembert","fromage fr","5"
"camembert","gruyère","0"
"camembert","maroilles","0"
"camembert","mimolette","0"
"camembert","mont d’or","1"
"camembert","morbier","0"
"camembert","mothais","0"
"camembert","mozzarella","0"
"camembert","munster","0"
"camembert","neufchatel","1"
"camembert","ossau- ira","1"
"camembert","parmesan","0"
"camembert","pecorino","1"
"camembert","pouligny s","0"
"camembert","raclette","0"
"camembert","reblochon","0"
"camembert","roquefort","0"
"camembert","saint- fél","0"
"camembert","saint-nect","0"
"camembert","scarmoza","0"
"camembert","stilton","0"
"camembert","tomme de v","0"
"camembert","tête de mo","0"
"camembert","vacherin","0"
"chabichou","beaufort","0"
"chabichou","brie de me","0"
"chabichou","bûchette d","0"
"chabichou","cabecou","0"
"chabichou","camembert","0"
"chabichou","chabichou","23"
"chabichou","cheddar","0"
"chabichou","chèvre","0"
"chabichou","comté","1"
"chabichou","emmental","0"
"chabichou","epoisses","0"
"chabichou","feta","0"
"chabichou","fourme d’a","0"
"chabichou","fromage fr","1"
"chabichou","gruyère","0"
"chabichou","maroilles","0"
"chabichou","mimolette","0"
"chabichou","mont d’or","0"
"chabichou","morbier","0"
"chabichou","mothais","0"
"chabichou","mozzarella","0"
"chabichou","munster","0"
"chabichou","neufchatel","0"
"chabichou","ossau- ira","0"
"chabichou","parmesan","0"
"chabichou","pecorino","0"
"chabichou","pouligny s","0"
"chabichou","raclette","0"
"chabichou","reblochon","0"
"chabichou","roquefort","0"
"chabichou","saint- fél","0"
"chabichou","saint-nect","0"
"chabichou","scarmoza","0"
"chabichou","stilton","0"
"chabichou","tomme de v","0"
"chabichou","tête de mo","0"
"chabichou","vacherin","0"
"cheddar","beaufort","1"
"cheddar","brie de me","0"
"cheddar","bûchette d","0"
"cheddar","cabecou","0"
"cheddar","camembert","0"
"cheddar","chabichou","1"
"cheddar","cheddar","16"
"cheddar","chèvre","0"
"cheddar","comté","0"
"cheddar","emmental","0"
"cheddar","epoisses","0"
"cheddar","feta","1"
"cheddar","fourme d’a","0"
"cheddar","fromage fr","1"
"cheddar","gruyère","1"
"cheddar","maroilles","0"
"cheddar","mimolette","1"
"cheddar","mont d’or","0"
"cheddar","morbier","0"
"cheddar","mothais","0"
"cheddar","mozzarella","0"
"cheddar","munster","0"
"cheddar","neufchatel","0"
"cheddar","ossau- ira","2"
"cheddar","parmesan","0"
"cheddar","pecorino","0"
"cheddar","pouligny s","0"
"cheddar","raclette","0"
"cheddar","reblochon","0"
"cheddar","roquefort","1"
"cheddar","saint- fél","0"
"cheddar","saint-nect","0"
"cheddar","scarmoza","0"
"cheddar","stilton","0"
"cheddar","tomme de v","0"
"cheddar","tête de mo","0"
"cheddar","vacherin","0"
"chèvre","beaufort","0"
"chèvre","brie de me","0"
"chèvre","bûchette d","3"
"chèvre","cabecou","0"
"chèvre","camembert","0"
"chèvre","chabichou","1"
"chèvre","cheddar","0"
"chèvre","chèvre","16"
"chèvre","comté","0"
"chèvre","emmental","0"
"chèvre","epoisses","0"
"chèvre","feta","1"
"chèvre","fourme d’a","0"
"chèvre","fromage fr","2"
"chèvre","gruyère","0"
"chèvre","maroilles","0"
"chèvre","mimolette","0"
"chèvre","mont d’or","0"
"chèvre","morbier","0"
"chèvre","mothais","0"
"chèvre","mozzarella","0"
"chèvre","munster","0"
"chèvre","neufchatel","0"
"chèvre","ossau- ira","1"
"chèvre","parmesan","0"
"chèvre","pecorino","0"
"chèvre","pouligny s","1"
"chèvre","raclette","0"
"chèvre","reblochon","0"
"chèvre","roquefort","0"
"chèvre","saint- fél","0"
"chèvre","saint-nect","0"
"chèvre","scarmoza","0"
"chèvre","stilton","0"
"chèvre","tomme de v","0"
"chèvre","tête de mo","0"
"chèvre","vacherin","0"
"comté","beaufort","0"
"comté","brie de me","0"
"comté","bûchette d","0"
"comté","cabecou","0"
"comté","camembert","0"
"comté","chabichou","0"
"comté","cheddar","0"
"comté","chèvre","0"
"comté","comté","18"
"comté","emmental","0"
"comté","epoisses","0"
"comté","feta","0"
"comté","fourme d’a","0"
"comté","fromage fr","0"
"comté","gruyère","2"
"comté","maroilles","0"
"comté","mimolette","0"
"comté","mont d’or","0"
"comté","morbier","2"
"comté","mothais","0"
"comté","mozzarella","0"
"comté","munster","0"
"comté","neufchatel","0"
"comté","ossau- ira","0"
"comté","parmesan","0"
"comté","pecorino","0"
"comté","pouligny s","2"
"comté","raclette","0"
"comté","reblochon","0"
"comté","roquefort","0"
"comté","saint- fél","0"
"comté","saint-nect","0"
"comté","scarmoza","1"
"comté","stilton","0"
"comté","tomme de v","0"
"comté","tête de mo","0"
"comté","vacherin","0"
"emmental","beaufort","0"
"emmental","brie de me","0"
"emmental","bûchette d","0"
"emmental","cabecou","0"
"emmental","camembert","0"
"emmental","chabichou","0"
"emmental","cheddar","0"
"emmental","chèvre","0"
"emmental","comté","0"
"emmental","emmental","25"
"emmental","epoisses","0"
"emmental","feta","0"
"emmental","fourme d’a","0"
"emmental","fromage fr","0"
"emmental","gruyère","0"
"emmental","maroilles","0"
"emmental","mimolette","0"
"emmental","mont d’or","0"
"emmental","morbier","0"
"emmental","mothais","0"
"emmental","mozzarella","0"
"emmental","munster","0"
"emmental","neufchatel","0"
"emmental","ossau- ira","0"
"emmental","parmesan","0"
"emmental","pecorino","0"
"emmental","pouligny s","0"
"emmental","raclette","0"
"emmental","reblochon","0"
"emmental","roquefort","0"
"emmental","saint- fél","0"
"emmental","saint-nect","0"
"emmental","scarmoza","0"
"emmental","stilton","0"
"emmental","tomme de v","0"
"emmental","tête de mo","0"
"emmental","vacherin","0"
"epoisses","beaufort","0"
"epoisses","brie de me","0"
"epoisses","bûchette d","0"
"epoisses","cabecou","0"
"epoisses","camembert","0"
"epoisses","chabichou","1"
"epoisses","cheddar","0"
"epoisses","chèvre","0"
"epoisses","comté","0"
"epoisses","emmental","0"
"epoisses","epoisses","23"
"epoisses","feta","0"
"epoisses","fourme d’a","0"
"epoisses","fromage fr","0"
"epoisses","gruyère","0"
"epoisses","maroilles","0"
"epoisses","mimolette","0"
"epoisses","mont d’or","0"
"epoisses","morbier","0"
"epoisses","mothais","0"
"epoisses","mozzarella","0"
"epoisses","munster","0"
"epoisses","neufchatel","0"
"epoisses","ossau- ira","0"
"epoisses","parmesan","0"
"epoisses","pecorino","0"
"epoisses","pouligny s","0"
"epoisses","raclette","0"
"epoisses","reblochon","0"
"epoisses","roquefort","0"
"epoisses","saint- fél","1"
"epoisses","saint-nect","0"
"epoisses","scarmoza","0"
"epoisses","stilton","0"
"epoisses","tomme de v","0"
"epoisses","tête de mo","0"
"epoisses","vacherin","0"
"feta","beaufort","0"
"feta","brie de me","0"
"feta","bûchette d","0"
"feta","cabecou","0"
"feta","camembert","0"
"feta","chabichou","0"
"feta","cheddar","0"
"feta","chèvre","0"
"feta","comté","0"
"feta","emmental","0"
"feta","epoisses","0"
"feta","feta","20"
"feta","fourme d’a","0"
"feta","fromage fr","3"
"feta","gruyère","0"
"feta","maroilles","0"
"feta","mimolette","0"
"feta","mont d’or","0"
"feta","morbier","0"
"feta","mothais","0"
"feta","mozzarella","0"
"feta","munster","0"
"feta","neufchatel","2"
"feta","ossau- ira","0"
"feta","parmesan","0"
"feta","pecorino","0"
"feta","pouligny s","0"
"feta","raclette","0"
"feta","reblochon","0"
"feta","roquefort","0"
"feta","saint- fél","0"
"feta","saint-nect","0"
"feta","scarmoza","0"
"feta","stilton","0"
"feta","tomme de v","0"
"feta","tête de mo","0"
"feta","vacherin","0"
"fourme d’a","beaufort","0"
"fourme d’a","brie de me","0"
"fourme d’a","bûchette d","0"
"fourme d’a","cabecou","0"
"fourme d’a","camembert","0"
"fourme d’a","chabichou","0"
"fourme d’a","cheddar","0"
"fourme d’a","chèvre","0"
"fourme d’a","comté","0"
"fourme d’a","emmental","0"
"fourme d’a","epoisses","0"
"fourme d’a","feta","0"
"fourme d’a","fourme d’a","21"
"fourme d’a","fromage fr","0"
"fourme d’a","gruyère","0"
"fourme d’a","maroilles","0"
"fourme d’a","mimolette","0"
"fourme d’a","mont d’or","0"
"fourme d’a","morbier","0"
"fourme d’a","mothais","0"
"fourme d’a","mozzarella","0"
"fourme d’a","munster","0"
"fourme d’a","neufchatel","0"
"fourme d’a","ossau- ira","0"
"fourme d’a","parmesan","0"
"fourme d’a","pecorino","0"
"fourme d’a","pouligny s","1"
"fourme d’a","raclette","0"
"fourme d’a","reblochon","0"
"fourme d’a","roquefort","3"
"fourme d’a","saint- fél","0"
"fourme d’a","saint-nect","0"
"fourme d’a","scarmoza","0"
"fourme d’a","stilton","0"
"fourme d’a","tomme de v","0"
"fourme d’a","tête de mo","0"
"fourme d’a","vacherin","0"
"fromage fr","beaufort","0"
"fromage fr","brie de me","0"
"fromage fr","bûchette d","0"
"fromage fr","cabecou","0"
"fromage fr","camembert","0"
"fromage fr","chabichou","0"
"fromage fr","cheddar","0"
"fromage fr","chèvre","0"
"fromage fr","comté","0"
"fromage fr","emmental","0"
"fromage fr","epoisses","0"
"fromage fr","feta","1"
"fromage fr","fourme d’a","0"
"fromage fr","fromage fr","24"
"fromage fr","gruyère","0"
"fromage fr","maroilles","0"
"fromage fr","mimolette","0"
"fromage fr","mont d’or","0"
"fromage fr","morbier","0"
"fromage fr","mothais","0"
"fromage fr","mozzarella","0"
"fromage fr","munster","0"
"fromage fr","neufchatel","0"
"fromage fr","ossau- ira","0"
"fromage fr","parmesan","0"
"fromage fr","pecorino","0"
"fromage fr","pouligny s","0"
"fromage fr","raclette","0"
"fromage fr","reblochon","0"
"fromage fr","roquefort","0"
"fromage fr","saint- fél","0"
"fromage fr","saint-nect","0"
"fromage fr","scarmoza","0"
"fromage fr","stilton","0"
"fromage fr","tomme de v","0"
"fromage fr","tête de mo","0"
"fromage fr","vacherin","0"
"gruyère","beaufort","1"
"gruyère","brie de me","0"
"gruyère","bûchette d","0"
"gruyère","cabecou","0"
"gruyère","camembert","0"
"gruyère","chabichou","0"
"gruyère","cheddar","1"
"gruyère","chèvre","0"
"gruyère","comté","1"
"gruyère","emmental","0"
"gruyère","epoisses","0"
"gruyère","feta","0"
"gruyère","fourme d’a","0"
"gruyère","fromage fr","0"
"gruyère","gruyère","21"
"gruyère","maroilles","0"
"gruyère","mimolette","0"
"gruyère","mont d’or","0"
"gruyère","morbier","0"
"gruyère","mothais","0"
"gruyère","mozzarella","0"
"gruyère","munster","0"
"gruyère","neufchatel","0"
"gruyère","ossau- ira","0"
"gruyère","parmesan","0"
"gruyère","pecorino","0"
"gruyère","pouligny s","0"
"gruyère","raclette","0"
"gruyère","reblochon","0"
"gruyère","roquefort","0"
"gruyère","saint- fél","0"
"gruyère","saint-nect","0"
"gruyère","scarmoza","1"
"gruyère","stilton","0"
"gruyère","tomme de v","0"
"gruyère","tête de mo","0"
"gruyère","vacherin","0"
"maroilles","beaufort","0"
"maroilles","brie de me","0"
"maroilles","bûchette d","0"
"maroilles","cabecou","0"
"maroilles","camembert","0"
"maroilles","chabichou","0"
"maroilles","cheddar","0"
"maroilles","chèvre","0"
"maroilles","comté","0"
"maroilles","emmental","0"
"maroilles","epoisses","1"
"maroilles","feta","0"
"maroilles","fourme d’a","0"
"maroilles","fromage fr","2"
"maroilles","gruyère","0"
"maroilles","maroilles","19"
"maroilles","mimolette","0"
"maroilles","mont d’or","0"
"maroilles","morbier","0"
"maroilles","mothais","0"
"maroilles","mozzarella","0"
"maroilles","munster","0"
"maroilles","neufchatel","0"
"maroilles","ossau- ira","0"
"maroilles","parmesan","0"
"maroilles","pecorino","1"
"maroilles","pouligny s","0"
"maroilles","raclette","0"
"maroilles","reblochon","0"
"maroilles","roquefort","0"
"maroilles","saint- fél","0"
"maroilles","saint-nect","0"
"maroilles","scarmoza","0"
"maroilles","stilton","0"
"maroilles","tomme de v","1"
"maroilles","tête de mo","0"
"maroilles","vacherin","1"
"mimolette","beaufort","0"
"mimolette","brie de me","0"
"mimolette","bûchette d","0"
"mimolette","cabecou","0"
"mimolette","camembert","0"
"mimolette","chabichou","0"
"mimolette","cheddar","0"
"mimolette","chèvre","0"
"mimolette","comté","0"
"mimolette","emmental","1"
"mimolette","epoisses","1"
"mimolette","feta","0"
"mimolette","fourme d’a","0"
"mimolette","fromage fr","0"
"mimolette","gruyère","0"
"mimolette","maroilles","0"
"mimolette","mimolette","22"
"mimolette","mont d’or","0"
"mimolette","morbier","0"
"mimolette","mothais","0"
"mimolette","mozzarella","0"
"mimolette","munster","0"
"mimolette","neufchatel","0"
"mimolette","ossau- ira","1"
"mimolette","parmesan","0"
"mimolette","pecorino","0"
"mimolette","pouligny s","0"
"mimolette","raclette","0"
"mimolette","reblochon","0"
"mimolette","roquefort","0"
"mimolette","saint- fél","0"
"mimolette","saint-nect","0"
"mimolette","scarmoza","0"
"mimolette","stilton","0"
"mimolette","tomme de v","0"
"mimolette","tête de mo","0"
"mimolette","vacherin","0"
"mont d’or","beaufort","0"
"mont d’or","brie de me","0"
"mont d’or","bûchette d","0"
"mont d’or","cabecou","0"
"mont d’or","camembert","0"
"mont d’or","chabichou","0"
"mont d’or","cheddar","0"
"mont d’or","chèvre","0"
"mont d’or","comté","0"
"mont d’or","emmental","0"
"mont d’or","epoisses","0"
"mont d’or","feta","0"
"mont d’or","fourme d’a","0"
"mont d’or","fromage fr","0"
"mont d’or","gruyère","0"
"mont d’or","maroilles","0"
"mont d’or","mimolette","0"
"mont d’or","mont d’or","24"
"mont d’or","morbier","0"
"mont d’or","mothais","0"
"mont d’or","mozzarella","0"
"mont d’or","munster","0"
"mont d’or","neufchatel","0"
"mont d’or","ossau- ira","0"
"mont d’or","parmesan","0"
"mont d’or","pecorino","0"
"mont d’or","pouligny s","1"
"mont d’or","raclette","0"
"mont d’or","reblochon","0"
"mont d’or","roquefort","0"
"mont d’or","saint- fél","0"
"mont d’or","saint-nect","0"
"mont d’or","scarmoza","0"
"mont d’or","stilton","0"
"mont d’or","tomme de v","0"
"mont d’or","tête de mo","0"
"mont d’or","vacherin","0"
"morbier","beaufort","0"
"morbier","brie de me","0"
"morbier","bûchette d","0"
"morbier","cabecou","0"
"morbier","camembert","0"
"morbier","chabichou","0"
"morbier","cheddar","0"
"morbier","chèvre","0"
"morbier","comté","0"
"morbier","emmental","0"
"morbier","epoisses","0"
"morbier","feta","0"
"morbier","fourme d’a","0"
"morbier","fromage fr","0"
"morbier","gruyère","0"
"morbier","maroilles","1"
"morbier","mimolette","0"
"morbier","mont d’or","0"
"morbier","morbier","24"
"morbier","mothais","0"
"morbier","mozzarella","0"
"morbier","munster","0"
"morbier","neufchatel","0"
"morbier","ossau- ira","0"
"morbier","parmesan","0"
"morbier","pecorino","0"
"morbier","pouligny s","0"
"morbier","raclette","0"
"morbier","reblochon","0"
"morbier","roquefort","0"
"morbier","saint- fél","0"
"morbier","saint-nect","0"
"morbier","scarmoza","0"
"morbier","stilton","0"
"morbier","tomme de v","0"
"morbier","tête de mo","0"
"morbier","vacherin","0"
"mothais","beaufort","1"
"mothais","brie de me","0"
"mothais","bûchette d","0"
"mothais","cabecou","0"
"mothais","camembert","0"
"mothais","chabichou","2"
"mothais","cheddar","0"
"mothais","chèvre","0"
"mothais","comté","0"
"mothais","emmental","0"
"mothais","epoisses","0"
"mothais","feta","0"
"mothais","fourme d’a","0"
"mothais","fromage fr","3"
"mothais","gruyère","0"
"mothais","maroilles","0"
"mothais","mimolette","0"
"mothais","mont d’or","0"
"mothais","morbier","0"
"mothais","mothais","16"
"mothais","mozzarella","0"
"mothais","munster","0"
"mothais","neufchatel","0"
"mothais","ossau- ira","1"
"mothais","parmesan","0"
"mothais","pecorino","0"
"mothais","pouligny s","1"
"mothais","raclette","0"
"mothais","reblochon","0"
"mothais","roquefort","0"
"mothais","saint- fél","0"
"mothais","saint-nect","1"
"mothais","scarmoza","0"
"mothais","stilton","0"
"mothais","tomme de v","0"
"mothais","tête de mo","0"
"mothais","vacherin","0"
"mozzarella","beaufort","0"
"mozzarella","brie de me","0"
"mozzarella","bûchette d","0"
"mozzarella","cabecou","0"
"mozzarella","camembert","0"
"mozzarella","chabichou","0"
"mozzarella","cheddar","2"
"mozzarella","chèvre","0"
"mozzarella","comté","0"
"mozzarella","emmental","0"
"mozzarella","epoisses","0"
"mozzarella","feta","0"
"mozzarella","fourme d’a","0"
"mozzarella","fromage fr","3"
"mozzarella","gruyère","0"
"mozzarella","maroilles","0"
"mozzarella","mimolette","0"
"mozzarella","mont d’or","0"
"mozzarella","morbier","0"
"mozzarella","mothais","0"
"mozzarella","mozzarella","18"
"mozzarella","munster","0"
"mozzarella","neufchatel","0"
"mozzarella","ossau- ira","0"
"mozzarella","parmesan","0"
"mozzarella","pecorino","1"
"mozzarella","pouligny s","0"
"mozzarella","raclette","0"
"mozzarella","reblochon","0"
"mozzarella","roquefort","0"
"mozzarella","saint- fél","0"
"mozzarella","saint-nect","0"
"mozzarella","scarmoza","1"
"mozzarella","stilton","0"
"mozzarella","tomme de v","0"
"mozzarella","tête de mo","0"
"mozzarella","vacherin","0"
"munster","beaufort","0"
"munster","brie de me","0"
"munster","bûchette d","1"
"munster","cabecou","0"
"munster","camembert","0"
"munster","chabichou","0"
"munster","cheddar","0"
"munster","chèvre","0"
"munster","comté","0"
"munster","emmental","0"
"munster","epoisses","2"
"munster","feta","0"
"munster","fourme d’a","0"
"munster","fromage fr","1"
"munster","gruyère","0"
"munster","maroilles","2"
"munster","mimolette","0"
"munster","mont d’or","0"
"munster","morbier","0"
"munster","mothais","0"
"munster","mozzarella","0"
"munster","munster","15"
"munster","neufchatel","0"
"munster","ossau- ira","0"
"munster","parmesan","0"
"munster","pecorino","0"
"munster","pouligny s","0"
"munster","raclette","0"
"munster","reblochon","2"
"munster","roquefort","0"
"munster","saint- fél","0"
"munster","saint-nect","0"
"munster","scarmoza","0"
"munster","stilton","0"
"munster","tomme de v","1"
"munster","tête de mo","1"
"munster","vacherin","0"
"neufchatel","beaufort","0"
"neufchatel","brie de me","0"
"neufchatel","bûchette d","1"
"neufchatel","cabecou","0"
"neufchatel","camembert","0"
"neufchatel","chabichou","0"
"neufchatel","cheddar","0"
"neufchatel","chèvre","0"
"neufchatel","comté","0"
"neufchatel","emmental","0"
"neufchatel","epoisses","0"
"neufchatel","feta","0"
"neufchatel","fourme d’a","0"
"neufchatel","fromage fr","1"
"neufchatel","gruyère","0"
"neufchatel","maroilles","0"
"neufchatel","mimolette","0"
"neufchatel","mont d’or","0"
"neufchatel","morbier","0"
"neufchatel","mothais","0"
"neufchatel","mozzarella","0"
"neufchatel","munster","0"
"neufchatel","neufchatel","22"
"neufchatel","ossau- ira","0"
"neufchatel","parmesan","0"
"neufchatel","pecorino","0"
"neufchatel","pouligny s","0"
"neufchatel","raclette","0"
"neufchatel","reblochon","0"
"neufchatel","roquefort","0"
"neufchatel","saint- fél","0"
"neufchatel","saint-nect","1"
"neufchatel","scarmoza","0"
"neufchatel","stilton","0"
"neufchatel","tomme de v","0"
"neufchatel","tête de mo","0"
"neufchatel","vacherin","0"
"ossau- ira","beaufort","0"
"ossau- ira","brie de me","0"
"ossau- ira","bûchette d","0"
"ossau- ira","cabecou","0"
"ossau- ira","camembert","0"
"ossau- ira","chabichou","1"
"ossau- ira","cheddar","0"
"ossau- ira","chèvre","0"
"ossau- ira","comté","0"
"ossau- ira","emmental","0"
"ossau- ira","epoisses","0"
"ossau- ira","feta","0"
"ossau- ira","fourme d’a","0"
"ossau- ira","fromage fr","1"
"ossau- ira","gruyère","0"
"ossau- ira","maroilles","0"
"ossau- ira","mimolette","0"
"ossau- ira","mont d’or","0"
"ossau- ira","morbier","0"
"ossau- ira","mothais","0"
"ossau- ira","mozzarella","0"
"ossau- ira","munster","1"
"ossau- ira","neufchatel","0"
"ossau- ira","ossau- ira","20"
"ossau- ira","parmesan","0"
"ossau- ira","pecorino","1"
"ossau- ira","pouligny s","0"
"ossau- ira","raclette","1"
"ossau- ira","reblochon","0"
"ossau- ira","roquefort","0"
"ossau- ira","saint- fél","0"
"ossau- ira","saint-nect","0"
"ossau- ira","scarmoza","0"
"ossau- ira","stilton","0"
"ossau- ira","tomme de v","0"
"ossau- ira","tête de mo","0"
"ossau- ira","vacherin","0"
"parmesan","beaufort","1"
"parmesan","brie de me","0"
"parmesan","bûchette d","0"
"parmesan","cabecou","0"
"parmesan","camembert","0"
"parmesan","chabichou","1"
"parmesan","cheddar","1"
"parmesan","chèvre","1"
"parmesan","comté","0"
"parmesan","emmental","1"
"parmesan","epoisses","0"
"parmesan","feta","0"
"parmesan","fourme d’a","0"
"parmesan","fromage fr","1"
"parmesan","gruyère","1"
"parmesan","maroilles","0"
"parmesan","mimolette","0"
"parmesan","mont d’or","0"
"parmesan","morbier","0"
"parmesan","mothais","1"
"parmesan","mozzarella","0"
"parmesan","munster","0"
"parmesan","neufchatel","0"
"parmesan","ossau- ira","1"
"parmesan","parmesan","15"
"parmesan","pecorino","1"
"parmesan","pouligny s","0"
"parmesan","raclette","0"
"parmesan","reblochon","0"
"parmesan","roquefort","0"
"parmesan","saint- fél","0"
"parmesan","saint-nect","0"
"parmesan","scarmoza","0"
"parmesan","stilton","0"
"parmesan","tomme de v","0"
"parmesan","tête de mo","0"
"parmesan","vacherin","0"
"pecorino","beaufort","0"
"pecorino","brie de me","0"
"pecorino","bûchette d","0"
"pecorino","cabecou","0"
"pecorino","camembert","0"
"pecorino","chabichou","0"
"pecorino","cheddar","1"
"pecorino","chèvre","0"
"pecorino","comté","0"
"pecorino","emmental","0"
"pecorino","epoisses","0"
"pecorino","feta","0"
"pecorino","fourme d’a","0"
"pecorino","fromage fr","0"
"pecorino","gruyère","0"
"pecorino","maroilles","0"
"pecorino","mimolette","0"
"pecorino","mont d’or","0"
"pecorino","morbier","0"
"pecorino","mothais","0"
"pecorino","mozzarella","1"
"pecorino","munster","0"
"pecorino","neufchatel","0"
"pecorino","ossau- ira","3"
"pecorino","parmesan","1"
"pecorino","pecorino","18"
"pecorino","pouligny s","0"
"pecorino","raclette","0"
"pecorino","reblochon","0"
"pecorino","roquefort","0"
"pecorino","saint- fél","0"
"pecorino","saint-nect","0"
"pecorino","scarmoza","1"
"pecorino","stilton","0"
"pecorino","tomme de v","0"
"pecorino","tête de mo","0"
"pecorino","vacherin","0"
"pouligny s","beaufort","0"
"pouligny s","brie de me","0"
"pouligny s","bûchette d","0"
"pouligny s","cabecou","0"
"pouligny s","camembert","0"
"pouligny s","chabichou","0"
"pouligny s","cheddar","0"
"pouligny s","chèvre","0"
"pouligny s","comté","0"
"pouligny s","emmental","0"
"pouligny s","epoisses","0"
"pouligny s","feta","0"
"pouligny s","fourme d’a","0"
"pouligny s","fromage fr","0"
"pouligny s","gruyère","0"
"pouligny s","maroilles","0"
"pouligny s","mimolette","0"
"pouligny s","mont d’or","0"
"pouligny s","morbier","0"
"pouligny s","mothais","0"
"pouligny s","mozzarella","0"
"pouligny s","munster","0"
"pouligny s","neufchatel","0"
"pouligny s","ossau- ira","0"
"pouligny s","parmesan","0"
"pouligny s","pecorino","0"
"pouligny s","pouligny s","25"
"pouligny s","raclette","0"
"pouligny s","reblochon","0"
"pouligny s","roquefort","0"
"pouligny s","saint- fél","0"
"pouligny s","saint-nect","0"
"pouligny s","scarmoza","0"
"pouligny s","stilton","0"
"pouligny s","tomme de v","0"
"pouligny s","tête de mo","0"
"pouligny s","vacherin","0"
"raclette","beaufort","0"
"raclette","brie de me","0"
"raclette","bûchette d","0"
"raclette","cabecou","0"
"raclette","camembert","0"
"raclette","chabichou","0"
"raclette","cheddar","0"
"raclette","chèvre","0"
"raclette","comté","0"
"raclette","emmental","1"
"raclette","epoisses","0"
"raclette","feta","0"
"raclette","fourme d’a","0"
"raclette","fromage fr","0"
"raclette","gruyère","0"
"raclette","maroilles","0"
"raclette","mimolette","0"
"raclette","mont d’or","0"
"raclette","morbier","0"
"raclette","mothais","0"
"raclette","mozzarella","0"
"raclette","munster","0"
"raclette","neufchatel","0"
"raclette","ossau- ira","0"
"raclette","parmesan","0"
"raclette","pecorino","0"
"raclette","pouligny s","0"
"raclette","raclette","23"
"raclette","reblochon","0"
"raclette","roquefort","0"
"raclette","saint- fél","1"
"raclette","saint-nect","0"
"raclette","scarmoza","0"
"raclette","stilton","0"
"raclette","tomme de v","0"
"raclette","tête de mo","0"
"raclette","vacherin","0"
"reblochon","beaufort","0"
"reblochon","brie de me","0"
"reblochon","bûchette d","0"
"reblochon","cabecou","0"
"reblochon","camembert","0"
"reblochon","chabichou","0"
"reblochon","cheddar","0"
"reblochon","chèvre","0"
"reblochon","comté","0"
"reblochon","emmental","0"
"reblochon","epoisses","0"
"reblochon","feta","0"
"reblochon","fourme d’a","0"
"reblochon","fromage fr","3"
"reblochon","gruyère","0"
"reblochon","maroilles","0"
"reblochon","mimolette","0"
"reblochon","mont d’or","0"
"reblochon","morbier","0"
"reblochon","mothais","0"
"reblochon","mozzarella","0"
"reblochon","munster","0"
"reblochon","neufchatel","1"
"reblochon","ossau- ira","0"
"reblochon","parmesan","0"
"reblochon","pecorino","0"
"reblochon","pouligny s","0"
"reblochon","raclette","0"
"reblochon","reblochon","18"
"reblochon","roquefort","0"
"reblochon","saint- fél","0"
"reblochon","saint-nect","1"
"reblochon","scarmoza","1"
"reblochon","stilton","0"
"reblochon","tomme de v","1"
"reblochon","tête de mo","0"
"reblochon","vacherin","0"
"roquefort","beaufort","0"
"roquefort","brie de me","0"
"roquefort","bûchette d","1"
"roquefort","cabecou","0"
"roquefort","camembert","0"
"roquefort","chabichou","0"
"roquefort","cheddar","0"
"roquefort","chèvre","0"
"roquefort","comté","0"
"roquefort","emmental","0"
"roquefort","epoisses","0"
"roquefort","feta","1"
"roquefort","fourme d’a","0"
"roquefort","fromage fr","2"
"roquefort","gruyère","0"
"roquefort","maroilles","0"
"roquefort","mimolette","0"
"roquefort","mont d’or","0"
"roquefort","morbier","0"
"roquefort","mothais","0"
"roquefort","mozzarella","0"
"roquefort","munster","0"
"roquefort","neufchatel","1"
"roquefort","ossau- ira","1"
"roquefort","parmesan","0"
"roquefort","pecorino","0"
"roquefort","pouligny s","0"
"roquefort","raclette","0"
"roquefort","reblochon","0"
"roquefort","roquefort","19"
"roquefort","saint- fél","0"
"roquefort","saint-nect","0"
"roquefort","scarmoza","0"
"roquefort","stilton","0"
"roquefort","tomme de v","0"
"roquefort","tête de mo","0"
"roquefort","vacherin","0"
"saint- fél","beaufort","0"
"saint- fél","brie de me","0"
"saint- fél","bûchette d","0"
"saint- fél","cabecou","0"
"saint- fél","camembert","0"
"saint- fél","chabichou","0"
"saint- fél","cheddar","1"
"saint- fél","chèvre","1"
"saint- fél","comté","0"
"saint- fél","emmental","0"
"saint- fél","epoisses","0"
"saint- fél","feta","0"
"saint- fél","fourme d’a","0"
"saint- fél","fromage fr","2"
"saint- fél","gruyère","0"
"saint- fél","maroilles","0"
"saint- fél","mimolette","0"
"saint- fél","mont d’or","0"
"saint- fél","morbier","0"
"saint- fél","mothais","0"
"saint- fél","mozzarella","1"
"saint- fél","munster","0"
"saint- fél","neufchatel","0"
"saint- fél","ossau- ira","0"
"saint- fél","parmesan","0"
"saint- fél","pecorino","0"
"saint- fél","pouligny s","0"
"saint- fél","raclette","0"
"saint- fél","reblochon","0"
"saint- fél","roquefort","0"
"saint- fél","saint- fél","19"
"saint- fél","saint-nect","0"
"saint- fél","scarmoza","0"
"saint- fél","stilton","0"
"saint- fél","tomme de v","1"
"saint- fél","tête de mo","0"
"saint- fél","vacherin","0"
"saint-nect","beaufort","0"
"saint-nect","brie de me","0"
"saint-nect","bûchette d","0"
"saint-nect","cabecou","0"
"saint-nect","camembert","0"
"saint-nect","chabichou","0"
"saint-nect","cheddar","1"
"saint-nect","chèvre","0"
"saint-nect","comté","0"
"saint-nect","emmental","0"
"saint-nect","epoisses","0"
"saint-nect","feta","0"
"saint-nect","fourme d’a","0"
"saint-nect","fromage fr","0"
"saint-nect","gruyère","0"
"saint-nect","maroilles","1"
"saint-nect","mimolette","0"
"saint-nect","mont d’or","0"
"saint-nect","morbier","0"
"saint-nect","mothais","0"
"saint-nect","mozzarella","0"
"saint-nect","munster","0"
"saint-nect","neufchatel","0"
"saint-nect","ossau- ira","1"
"saint-nect","parmesan","0"
"saint-nect","pecorino","0"
"saint-nect","pouligny s","0"
"saint-nect","raclette","0"
"saint-nect","reblochon","3"
"saint-nect","roquefort","0"
"saint-nect","saint- fél","0"
"saint-nect","saint-nect","19"
"saint-nect","scarmoza","0"
"saint-nect","stilton","0"
"saint-nect","tomme de v","0"
"saint-nect","tête de mo","0"
"saint-nect","vacherin","0"
"scarmoza","beaufort","0"
"scarmoza","brie de me","0"
"scarmoza","bûchette d","0"
"scarmoza","cabecou","0"
"scarmoza","camembert","0"
"scarmoza","chabichou","0"
"scarmoza","cheddar","0"
"scarmoza","chèvre","0"
"scarmoza","comté","1"
"scarmoza","emmental","0"
"scarmoza","epoisses","0"
"scarmoza","feta","0"
"scarmoza","fourme d’a","0"
"scarmoza","fromage fr","1"
"scarmoza","gruyère","0"
"scarmoza","maroilles","0"
"scarmoza","mimolette","0"
"scarmoza","mont d’or","0"
"scarmoza","morbier","0"
"scarmoza","mothais","0"
"scarmoza","mozzarella","0"
"scarmoza","munster","0"
"scarmoza","neufchatel","0"
"scarmoza","ossau- ira","0"
"scarmoza","parmesan","0"
"scarmoza","pecorino","0"
"scarmoza","pouligny s","0"
"scarmoza","raclette","0"
"scarmoza","reblochon","0"
"scarmoza","roquefort","0"
"scarmoza","saint- fél","0"
"scarmoza","saint-nect","0"
"scarmoza","scarmoza","23"
"scarmoza","stilton","0"
"scarmoza","tomme de v","0"
"scarmoza","tête de mo","0"
"scarmoza","vacherin","0"
"stilton","beaufort","1"
"stilton","brie de me","0"
"stilton","bûchette d","0"
"stilton","cabecou","0"
"stilton","camembert","0"
"stilton","chabichou","0"
"stilton","cheddar","0"
"stilton","chèvre","0"
"stilton","comté","0"
"stilton","emmental","0"
"stilton","epoisses","0"
"stilton","feta","0"
"stilton","fourme d’a","0"
"stilton","fromage fr","2"
"stilton","gruyère","0"
"stilton","maroilles","0"
"stilton","mimolette","0"
"stilton","mont d’or","0"
"stilton","morbier","1"
"stilton","mothais","0"
"stilton","mozzarella","0"
"stilton","munster","0"
"stilton","neufchatel","0"
"stilton","ossau- ira","0"
"stilton","parmesan","1"
"stilton","pecorino","0"
"stilton","pouligny s","0"
"stilton","raclette","0"
"stilton","reblochon","0"
"stilton","roquefort","0"
"stilton","saint- fél","0"
"stilton","saint-nect","0"
"stilton","scarmoza","0"
"stilton","stilton","20"
"stilton","tomme de v","0"
"stilton","tête de mo","0"
"stilton","vacherin","0"
"tomme de v","beaufort","1"
"tomme de v","brie de me","0"
"tomme de v","bûchette d","0"
"tomme de v","cabecou","0"
"tomme de v","camembert","0"
"tomme de v","chabichou","0"
"tomme de v","cheddar","0"
"tomme de v","chèvre","0"
"tomme de v","comté","0"
"tomme de v","emmental","0"
"tomme de v","epoisses","0"
"tomme de v","feta","2"
"tomme de v","fourme d’a","0"
"tomme de v","fromage fr","2"
"tomme de v","gruyère","0"
"tomme de v","maroilles","0"
"tomme de v","mimolette","0"
"tomme de v","mont d’or","0"
"tomme de v","morbier","0"
"tomme de v","mothais","0"
"tomme de v","mozzarella","0"
"tomme de v","munster","0"
"tomme de v","neufchatel","0"
"tomme de v","ossau- ira","1"
"tomme de v","parmesan","1"
"tomme de v","pecorino","1"
"tomme de v","pouligny s","0"
"tomme de v","raclette","0"
"tomme de v","reblochon","0"
"tomme de v","roquefort","0"
"tomme de v","saint- fél","0"
"tomme de v","saint-nect","0"
"tomme de v","scarmoza","0"
"tomme de v","stilton","0"
"tomme de v","tomme de v","16"
"tomme de v","tête de mo","1"
"tomme de v","vacherin","0"
"tête de mo","beaufort","0"
"tête de mo","brie de me","0"
"tête de mo","bûchette d","0"
"tête de mo","cabecou","0"
"tête de mo","camembert","0"
"tête de mo","chabichou","1"
"tête de mo","cheddar","0"
"tête de mo","chèvre","0"
"tête de mo","comté","0"
"tête de mo","emmental","0"
"tête de mo","epoisses","0"
"tête de mo","feta","0"
"tête de mo","fourme d’a","0"
"tête de mo","fromage fr","0"
"tête de mo","gruyère","1"
"tête de mo","maroilles","0"
"tête de mo","mimolette","0"
"tête de mo","mont d’or","0"
"tête de mo","morbier","0"
"tête de mo","mothais","0"
"tête de mo","mozzarella","0"
"tête de mo","munster","0"
"tête de mo","neufchatel","0"
"tête de mo","ossau- ira","0"
"tête de mo","parmesan","0"
"tête de mo","pecorino","0"
"tête de mo","pouligny s","0"
"tête de mo","raclette","0"
"tête de mo","reblochon","0"
"tête de mo","roquefort","0"
"tête de mo","saint- fél","0"
"tête de mo","saint-nect","0"
"tête de mo","scarmoza","0"
"tête de mo","stilton","0"
"tête de mo","tomme de v","0"
"tête de mo","tête de mo","23"
"tête de mo","vacherin","0"
"vacherin","beaufort","1"
"vacherin","brie de me","0"
"vacherin","bûchette d","0"
"vacherin","cabecou","0"
"vacherin","camembert","0"
"vacherin","chabichou","0"
"vacherin","cheddar","1"
"vacherin","chèvre","0"
"vacherin","comté","1"
"vacherin","emmental","0"
"vacherin","epoisses","0"
"vacherin","feta","0"
"vacherin","fourme d’a","0"
"vacherin","fromage fr","1"
"vacherin","gruyère","1"
"vacherin","maroilles","0"
"vacherin","mimolette","0"
"vacherin","mont d’or","4"
"vacherin","morbier","0"
"vacherin","mothais","0"
"vacherin","mozzarella","1"
"vacherin","munster","0"
"vacherin","neufchatel","1"
"vacherin","ossau- ira","0"
"vacherin","parmesan","0"
"vacherin","pecorino","0"
"vacherin","pouligny s","0"
"vacherin","raclette","0"
"vacherin","reblochon","0"
"vacherin","roquefort","0"
"vacherin","saint- fél","0"
"vacherin","saint-nect","0"
"vacherin","scarmoza","0"
"vacherin","stilton","0"
"vacherin","tomme de v","0"
"vacherin","tête de mo","0"
"vacherin","vacherin","14"